hash,key
0x00675ED7,chimera
0x00E83C17,hermes
0x00FDFFB0,virgo3
0x0239E390,hotknife
0x02E19879,tiptruck
0x03E5F6B8,youga
0x0409D787,yosemite3
0x047A6BC1,glendale
0x04CE68AC,dominator
0x04F48FC4,rebla
0x05852838,kalahari
0x0612F4B6,trophytruck
0x067BC037,coquette
0x06FF6914,btype
0x07405E08,boxville3
0x08852855,baller2
0x097E5533,ardent
0x0A90ED5C,phantom3
0x0BBA2261,elegy
0x0D17099D,speedo4
0x0D4E5F4D,cheetah2
0x0D4EA603,sabregt2
0x0DF381E5,reaper
0x0E2C013E,buffalo3
0x1044926F,tempesta
0x11AA0E14,gburrito2
0x11CBC051,verus
0x11F58A5A,stryder
0x127E90D5,dynasty
0x1324E960,stafford
0x132D5A1A,crusader
0x13B57D8A,cogcabrio
0x142E0DC3,vacca
0x1446590A,formula
0x149BD32A,pbus2
0x14D22159,gauntlet2
0x14D69010,chino
0x1573422D,baller7
0x163F8520,slamvan5
0x16E478C1,surano
0x171C92C4,hauler2
0x177DA45C,jb7002
0x185484E1,turismor
0x185E2FF3,outlaw
0x18619B7E,kanjo
0x187D938D,kuruma2
0x18F25AC7,infernus
0x196F9418,dominator7
0x19DD9ED1,nightshark
0x1A79847A,boxville4
0x1A7FCEFA,handler
0x1A861243,imperator
0x1B38E955,policet
0x1B8165D3,jubilee
0x1BB290BC,tornado
0x1BF8D381,lguard
0x1C09CF5E,baller5
0x1C534995,mixer2
0x1CBDC10B,lynx
0x1D06D681,huntley
0x1DC0BA53,fusilade
0x1DD4C0FF,swinger
0x1ED0A534,utillitruck
0x1F3766E3,voodoo2
0x1F52A43F,moonbeam
0x1FD824AF,dune2
0x20314B42,zr380
0x206D1B68,khamelion
0x2189D250,apc
0x21EEE87D,packer
0x2290C50A,warrener2
0x23CA25F2,hustler
0x2560B2FC,romero
0x256E92BA,issi4
0x2592B5CF,barracks3
0x25C5AF13,banshee2
0x25CBE2E2,baller4
0x2714AA93,zeno
0x276D98A3,comet5
0x27816B7E,iwagen
0x27B4E6B0,baller6
0x27D79225,bruiser
0x287FA449,cerberus2
0x28AD20E1,boxville5
0x28B67ACA,contender
0x28EAB80F,drafter
0x29B0DA97,surfer
0x29FCD3E4,cog552
0x2AE524A8,ruston
0x2B0C4DCD,gauntlet3
0x2B26F456,dukes
0x2B6DC64A,speedo2
0x2B7F9DE3,slamvan
0x2BC345D1,sadler2
0x2BE8B90A,dominator8
0x2BEC3CBE,buffalo2
0x2C1FEA99,vagrant
0x2C33B46E,pranger
0x2D3BD401,ztype
0x2DB8D1AA,alpha
0x2E5AFD37,ruiner3
0x2EA68690,rhino
0x2EC385FE,coquette3
0x30D3F6D8,sheava
0x31ADBBFC,slamvan2
0x3201DD49,z190
0x32174AFC,monster4
0x322CF98F,rhapsody
0x32B29A4B,bjxl
0x32B91AE8,biff
0x33B98FE2,pariah
0x3404691C,sultan2
0x3412AE2D,sentinel2
0x34B7390F,habanero
0x34DBA661,stromberg
0x34DD8AA1,intruder
0x34E6BF6B,utillitruck2
0x353B561D,burrito4
0x35DED0DD,savestra
0x35ED670B,mule
0x360A438E,cog55
0x36848602,mesa
0x36A167E0,rrocket
0x36B4A8A9,xa21
0x378236E1,issi3
0x381E10BD,ruiner2
0x3822BDFE,casco
0x38408341,pony2
0x3944D5A0,furia
0x39DA2754,sultan
0x39F9C898,tampa
0x3ADB9758,sugoi
0x3AF76F4A,voltic2
0x3AF8C345,sandking2
0x3C26BD0C,impaler2
0x3C4E2113,coquette2
0x3D29CD2B,youga2
0x3D7C6410,tezeract
0x3D8FA25C,ninef
0x3DA47243,nero
0x3DEE5EDA,blista2
0x3E3D1F59,thrax
0x3E5BD8D9,michelli
0x3EAB5555,jb700
0x3FC5D440,bobcatxl
0x4008EABB,barracks2
0x400F5147,specter2
0x404B6381,pigalle
0x4131F378,nero2
0x41B77FA4,verlierer2
0x41D149AA,sentinel3
0x4201A843,peyote3
0x42836BE5,hotring
0x42ACA95F,asbo
0x42BC5E19,slamvan3
0x42F2ED16,superd
0x432AA566,bfinjection
0x432EA949,fbi
0x437CF2A0,burrito5
0x440851D8,comet7
0x44623884,caddy
0x4543B74D,rumpo
0x45D56ADA,ambulance
0x462FE277,dubsta
0x4662BCBB,technical2
0x4669D038,openwheel2
0x47BBCF2E,xls
0x48CECED3,seminole
0x49863E9C,marshall
0x4992196C,gp1
0x49E25BA1,issi6
0x4ABEBF23,caracara
0x4BA4E8DC,landstalker
0x4BFCF28B,bestiagts
0x4C3FFF49,deviant
0x4C80EB0E,airbus
0x4C8DBA51,zhaba
0x4DC079D7,growler
0x4EE74355,emerus
0x4FB1A214,serrano
0x501AC93C,mule5
0x506434F6,oracle
0x50732C82,sentinel
0x5097F589,sc1
0x50B0215A,flatbed
0x50D4D19F,technical3
0x51D83328,warrener
0x5216AD5E,remus
0x52FF9437,cyclone
0x546D8EEE,paragon2
0x546DA331,previon
0x5502626C,fmj
0x55365079,brioso2
0x562A97BD,tractor3
0x56C8A5EF,toreador
0x56CDEE7D,vstr
0x56D42971,tulip
0x57F682AF,rumpo3
0x586765FB,deluxo
0x589A840C,youga4
0x58B3979C,paradise
0x58CF185C,schafter4
0x58E49664,forklift
0x58F77553,openwheel1
0x5993F939,trailerlarge
0x59A9E570,torero
0x59E0FBF3,picador
0x5A82F9AE,hauler
0x5B42A5C4,tornado2
0x5B531351,deity
0x5BA0FF1E,issi5
0x5BEB3CE0,scarab2
0x5C23AF9B,stinger
0x5C55CB39,brioso
0x5D0AAC8F,airtug
0x5D1903F9,comet4
0x5E4327C8,windsor
0x5EE005DA,deveste
0x6068AD86,fagaloa
0x619C1B82,imperator2
0x61D6BA8C,tractor
0x61FE4D6A,weevil
0x6210CBB0,rancherxl
0x6290F15B,pounder2
0x6322B39A,t20
0x64430650,dilettante2
0x64F49967,yosemite2
0x665F785D,manana2
0x669EB40A,monster3
0x66B4FC45,stratum
0x679450AF,rapidgt2
0x67B3F020,bison3
0x67D2B389,streiter
0x67D52852,slamvan6
0x6827CF72,stockade
0x68A5D1EF,cypher
0x690A4153,tornado3
0x698521E3,dloader
0x69F06B57,washington
0x6A4BD8F6,mower
0x6B73A9BE,youga3
0x6D19CCBC,peyote
0x6DBD6C0A,retinue
0x6E8DA4F7,issi7
0x6F039A67,zion3
0x6F946279,yosemite
0x6FD95F68,camper
0x6FF0F727,baller3
0x706E2B40,specter
0x7074F39D,bulldozer
0x707E63A4,tropos
0x710A2B9B,moonbeam2
0x711D4738,dune3
0x71CB2FFB,fugitive
0x71CBEA98,gb200
0x71D3B6F0,cerberus3
0x71FA16EA,police3
0x72435A19,trash
0x72934BE4,schafter6
0x72935408,sheriff2
0x72A4C31E,stalion
0x7341576B,rancherxl2
0x734C5E50,gauntlet4
0x73920F8E,firetruk
0x7397224C,vagner
0x73B1C3CB,tourbus
0x73F4110E,mule4
0x744CA80D,taco
0x767164D6,osiris
0x779B4F2D,voodoo
0x779F23AA,cavalcade
0x780FFBD2,vetir
0x7836CE2F,futo
0x79178F0A,retinue2
0x7980BDD5,euros
0x798682A2,brutus3
0x79DD18AE,menacer
0x79FBB0C5,police
0x7A2EF5E4,rapidgt3
0x7A61B330,benson
0x7B406EFB,tyrus
0x7B47A6A7,lurcher
0x7B7E56F0,insurgent2
0x7B8297C5,bison2
0x7B8AB45F,carbonizzare
0x7DE35E7D,pounder
0x7E8F677F,prototipo
0x7F2153DF,utillitruck3
0x7F3415E3,dukes3
0x7F5C91F1,rocoto
0x7F81A829,brutus
0x809AA4CB,phantom
0x810369E2,dump
0x8125BCF9,blazer
0x81634188,manana
0x817AFAAD,gauntlet5
0x8198AEDC,entity2
0x81A9CDDF,faction
0x825A9F4C,guardian
0x829A3C44,rallytruck
0x82E47E85,club
0x82E499FA,stingergt
0x83051506,technical
0x83070B62,impaler
0x831A21D5,phoenix
0x8408F33A,gt500
0x843B73DE,tractor2
0x84718D34,coach
0x84F42E51,mesa3
0x8526E2F5,slamvan4
0x85A5B471,mule3
0x85E8E76B,italigtb
0x8612B64B,rebel2
0x8644331A,bruiser3
0x86618EDA,primo2
0x866BCE26,faction3
0x86CF7CDD,tornado4
0x86FE0B60,cognoscenti
0x877358AD,comet3
0x885F3671,pbus
0x8911B9F5,feltzer2
0x897AFC65,terbyte
0x898ECCEA,boxville
0x8A63C7B9,police4
0x8B13F083,stretch
0x8B213907,formula2
0x8C2BD0DC,nightshade
0x8CB29A14,rapidgt
0x8CF5CAE1,windsor2
0x8D45DF49,impaler3
0x8D4B7A8A,insurgent3
0x8E08EC82,wastelander
0x8E9254FB,asterope
0x8F0E3594,surge
0x8F49AE28,brutus2
0x8FB66F9B,premier
0x8FC3AADC,emperor2
0x8FD54EBB,trailersmall2
0x9114EADA,insurgent
0x91373058,zr350
0x91CA96EE,neon
0x92EF6E04,pfister811
0x92F5024E,novak
0x94114926,seminole2
0x94204D89,asea
0x9441D8D5,asea2
0x9472CD24,peyote2
0x94B395C5,gauntlet
0x94DA98EF,tornado5
0x95466BDB,faction2
0x95F4C618,policeold2
0x961AFEF7,rumpo2
0x9628879C,granger
0x9734F3EA,penetrator
0x97398A4B,seven70
0x97553C28,everon
0x97FA4F36,gburrito
0x9804F4C7,impaler4
0x98171BD3,burrito3
0x98F65A5E,coquette4
0x991EFC04,comet6
0x9A5B1DCC,rubble
0x9A9FD3DF,scrap
0x9AE6DDA1,bullet
0x9B065C9E,bruiser2
0x9B16A3B4,riot2
0x9B909C94,sabregt
0x9BAA707C,sheriff
0x9CF21E0F,dune
0x9CFFFC56,mamba
0x9D96B45B,radi
0x9DAE1398,phantom2
0x9DC66994,fbi2
0x9F05F101,police2
0x9F4B77BE,voltic
0x9F6ED5A2,neo
0xA1355F67,blazer5
0xA1B3A871,jester4
0xA29D6D10,feltzer3
0xA29F78B0,clique
0xA31CB573,tornado6
0xA3FC0F4D,gresley
0xA42FC3A5,vectre
0xA46462F7,policeold1
0xA4A4E453,riata
0xA4D99B7D,raiden
0xA4F52C13,cinquemila
0xA6297CC8,futo2
0xA703E4A9,veto2
0xA774B5A6,schafter3
0xA7CE1BC5,brawler
0xA7DCC35C,zr3803
0xA7EDE74D,stanier
0xA8E38B01,ninef2
0xA988D3A2,prairie
0xA9EC907B,ignus
0xAA699BB6,bodhi2
0xAA6F980A,khanjali
0xAC33179C,infernus2
0xAC5DF515,zentorno
0xAE0A3D4F,dominator5
0xAE2BFE94,kuruma
0xAED64A63,chino2
0xAF0B8D48,tigon
0xAF966F3C,caracara2
0xAFBB2CA4,burrito
0xB12314E0,towtruck
0xB1D80E06,surfer2
0xB1D95DA0,cheetah
0xB2A716A3,jester
0xB2E046FB,dominator6
0xB2FE5CF9,entityxf
0xB3206692,ingot
0xB44F0582,blazer3
0xB472D2B5,ellie
0xB4F32118,flashgt
0xB527915C,trash2
0xB52B5113,schafter2
0xB53C6C52,minitank
0xB5D306A4,tailgater2
0xB5EF4C33,vigilante
0xB5FCF74E,emperor3
0xB6410173,dubsta3
0xB6846A55,le7b
0xB779A091,adder
0xB7D9F7F1,tampa3
0xB802DD46,rebel
0xB820ED5E,blade
0xB822A1AA,riot
0xB8D657AD,calico
0xB8E2AE18,zion2
0xB9210FD0,sandking
0xB9CB3B69,issi2
0xBA5334AC,toros
0xBB6B404F,primo
0xBB78956A,italirsx
0xBBA2A2F7,scarab
0xBC32A33B,fq2
0xBC5DC07E,taipan
0xBC7C0A00,imorgon
0xBC993509,dilettante
0xBCDE91F0,minivan2
0xBD1B39C3,zion
0xBE0E6126,jester2
0xBE11EFC6,zr3802
0xBE819C63,rentalbus
0xBF1691E0,furoregt
0xC0240885,tampa2
0xC1632BEB,mule2
0xC1A8A914,slamtruck
0xC1AE4D16,comet2
0xC1E908D2,banshee
0xC397F748,buccaneer2
0xC3DDFDCE,tailgater
0xC3FBA120,cutter
0xC4810400,visione
0xC514AAE0,cheburek
0xC52C6B93,dominator3
0xC575DF11,turismo2
0xC703DB5F,taxi
0xC7824E5E,tiptruck2
0xC7E55211,locust
0xC96B73D9,dominator2
0xC972A155,champion
0xC98BBAD6,glendale2
0xC9E8FF76,burrito2
0xCA62927A,virgo2
0xCB0E7CD9,schafter5
0xCB44B1CA,docktug
0xCB642637,nebula
0xCCE5C8FA,veto
0xCD935EF9,ripley
0xCD93A7DB,monster
0xCE0B9F22,landstalker2
0xCE44C4B9,komoda
0xCE6B35A4,btype2
0xCEB28249,dune4
0xCEC6B9B7,vigero
0xCEEA3F4B,barracks
0xCFB3870C,speedo
0xCFCA3668,baller
0xCFCFEB3B,patriot
0xD039510B,cerberus
0xD0EB2BE5,cavalcade2
0xD138A6BB,mixer
0xD1AD4937,omnis
0xD227BDBB,caddy3
0xD2F77E37,imperator3
0xD36A4B44,mesa2
0xD37B7976,schwarzer
0xD556917C,monster5
0xD577C962,bus
0xD6BC7523,chernobog
0xD6FB0F30,dominator4
0xD7278283,emperor
0xD756460C,buccaneer
0xD757D97D,zorrusso
0xD7C56D39,raptor
0xD80F4A44,patriot3
0xD83C13CE,ratloader
0xD86A0247,krieger
0xD876DBE2,trophytruck2
0xD9F0503D,scramjet
0xDA5819A3,massacro2
0xDA5EC7DA,penumbra2
0xDAC67112,jackal
0xDB0C9B04,buffalo4
0xDBF2D57A,cognoscenti2
0xDC19D101,btype3
0xDC434E51,sadler
0xDCBC1C3B,blista3
0xDCBCBE48,f620
0xDCE1D9F7,ratloader2
0xDD71BFEB,scarab3
0xDE3D9D22,elegy2
0xDFF0594C,caddy2
0xE18195B2,oracle2
0xE1C03AB0,schlagen
0xE2504942,virgo
0xE33A477B,italigtb2
0xE505CF99,rt3000
0xE550775B,paragon
0xE5A2D6C6,towtruck2
0xE5BA6858,blazer4
0xE62B361B,monroe
0xE6401328,xls2
0xE644E480,panto
0xE6E967F8,patriot2
0xE78CC3D9,revolter
0xE80F67EE,stalion2
0xE882E5F6,dubsta2
0xE8A8BA94,viseris
0xE8A8BDA8,felon
0xE9805550,penumbra
0xE99011C2,tyrant
0xEA6A047F,hellion
0xEB298297,bifta
0xEB70965F,blista
0xEC3E3404,italigto
0xEC8F7094,dukes2
0xECA6B6A3,s80
0xED552C74,autarch
0xED62BFA9,dune5
0xED7EADA4,minivan
0xEDC6F847,brickade
0xEDD516C6,buffalo
0xEE6024BC,sultanrs
0xEEA75E63,sultan3
0xEEF345EC,rcbandito
0xF06C29C7,granger2
0xF21B33BE,boxville2
0xF26CEFF9,ruiner
0xF330CB6A,jester3
0xF337AB36,stockade3
0xF34DFB25,barrage
0xF376F1E6,winky
0xF38C4245,jugular
0xF77ADE32,massacro
0xF8C2E0E7,kamacho
0xF8D48E7A,journey
0xF8DE29A8,pony
0xF92AEC4D,limo2
0xF9E67C05,squaddie
0xFAAD85EE,felon2
0xFCC2F483,freecrawler
0xFD128DFD,vamos
0xFD231729,blazer2
0xFE141DA6,halftrack
0xFEFD644F,bison
0xFF22D208,regina
0xFFB15B5E,exemplar
